<?xml version="1.0" encoding="UTF-8"?>
<suppressions xmlns="https://jeremylong.github.io/DependencyCheck/dependency-suppression.1.3.xsd">

<suppress>
   <notes><![CDATA[
   file name: nth-check:1.0.2
   ]]></notes>
   <sha1>74494ab3c560c7e26bb3d84a64736146ccd0615b</sha1>
   <vulnerabilityName>CVE-2021-3803</vulnerabilityName>
</suppress>

<suppress>
   <notes><![CDATA[
   file name: nth-check:1.0.2
   ]]></notes>
   <sha1>74494ab3c560c7e26bb3d84a64736146ccd0615b</sha1>
   <vulnerabilityName>GHSA-rp65-9cf3-cjxr</vulnerabilityName>
</suppress>

<suppress>
   <notes><![CDATA[
   file name: xlsx:0.18.5
   ]]></notes>
   <sha1>0b1d8c8fe3d4e49ea20c9f299ef8f5973e680816</sha1>
   <vulnerabilityName>CVE-2023-30533</vulnerabilityName>
</suppress>

<suppress>
   <notes><![CDATA[
   file name: xlsx:0.18.5
   ]]></notes>
   <sha1>0b1d8c8fe3d4e49ea20c9f299ef8f5973e680816</sha1>
   <vulnerabilityName>GHSA-4r6h-8v6p-xvw6</vulnerabilityName>
</suppress>

<suppress>
   <notes><![CDATA[
   file name: postcss:7.0.39
   ]]></notes>
   <sha1>3b7ad8e642e44ff22ec45e5a7632110bde9bad9c</sha1>
   <vulnerabilityName>CVE-2023-44270</vulnerabilityName>
</suppress>

<suppress>
   <notes><![CDATA[
   file name: postcss:7.0.39
   ]]></notes>
   <sha1>3b7ad8e642e44ff22ec45e5a7632110bde9bad9c</sha1>
   <vulnerabilityName>GHSA-7fh5-64p2-3v2j</vulnerabilityName>
</suppress>

</suppressions>

