[
  {
    "_id": {
      "$oid": "90a1e8d1266c80823450f001"
    },
    "jobNo": "000001",
    "date": {
      "$date": "2023-07-03T00:00:00.000Z"
    },
    "type": "Installation",
    "location": "Offsite",
    "technician": "John",
    "evidence": [
      "/evidence/1689216313066-car-vehicle-luxury-116675.jpg"
    ],
    "remarks": "Some remark here",
    "devices": [
      {
        "$oid": "a1a2f8e1276c80923451a001"
      }
    ],
    "address": "80 Boon Keng Rd, Singapore 339780"
  },
  {
    "_id": {
      "$oid": "90a1e8d1266c80823450f002"
    },
    "jobNo": "000002",
    "date": {
      "$date": "2023-03-24T00:00:00.000Z"
    },
    "type": "Installation",
    "location": "Offsite",
    "technician": "Bob",
    "evidence": [
      "/evidence/1689216434788-car-vehicle-luxury-116675.jpg.jpg",
      "/evidence/1689216434788-OIP.jpg",
      "/evidence/1689219110291-326278-Super_Car-city-yellow-blue-sky-clouds-vehicle-car-yellow_cars-McLaren.jpg"
    ],
    "remarks": "Some remark here",
    "devices": [
      {
        "$oid": "a1a2f8e1276c80923451a002"
      }
    ],
    "address": "80 Boon Keng Rd, Singapore 339780"
  },
  {
    "_id": {
      "$oid": "90a1e8d1266c80823450f003"
    },
    "jobNo": "000003",
    "date": {
      "$date": "2023-04-01T00:00:00.000Z"
    },
    "type": "Installation",
    "location": "Offsite",
    "technician": "John",
    "evidence": [
      "/evidence/1689219110297-car-vehicle-luxury-116675.jpg",
      "/evidence/1689219110297-OIP.jpg"
    ],
    "remarks": "Some remark here",
    "devices": [
      {
        "$oid": "a1a2f8e1276c80923451a003"
      }
    ],
    "address": "80 Boon Keng Rd, Singapore 339780"
  },
  {
    "_id": {
      "$oid": "90a1e8d1266c80823450f004"
    },
    "jobNo": "000004",
    "date": {
      "$date": "2022-11-16T00:00:00.000Z"
    },
    "type": "Installation",
    "location": "Offsite",
    "technician": "Eric",
    "evidence": [
      "/evidence/1689219146732-326278-Super_Car-city-yellow-blue-sky-clouds-vehicle-car-yellow_cars-McLaren.jpg"
    ],
    "remarks": "Some remark here",
    "devices": [
      {
        "$oid": "a1a2f8e1276c80923451a004"
      }
    ],
    "address": "80 Boon Keng Rd, Singapore 339780"
  },
  {
    "_id": {
      "$oid": "90a1e8d1266c80823450f005"
    },
    "jobNo": "000005",
    "date": {
      "$date": "2023-06-01T00:00:00.000Z"
    },
    "type": "Uninstallation",
    "location": "Offsite",
    "technician": "John",
    "evidence": [
      "/evidence/1689219146740-car-vehicle-luxury-116675.jpg",
      "/evidence/1689219146740-OIP.jpg"
    ],
    "remarks": "Some remark here",
    "devices": [
      {
        "$oid": "a1a2f8e1276c80923451a004"
      }
    ],
    "address": "80 Boon Keng Rd, Singapore 339780"
  },
  {
    "_id": {
      "$oid": "90a1e8d1266c80823450f006"
    },
    "jobNo": "000006",
    "date": {
      "$date": "2023-06-01T00:00:00.000Z"
    },
    "type": "Uninstallation",
    "location": "Offsite",
    "technician": "John",
    "evidence": ["/evidence/1689499938745-OIP.jpg", 
        "/evidence/1689219146748-car-vehicle-luxury-116675.jpg",
        "/evidence/1689219506599-326278-Super_Car-city-yellow-blue-sky-clouds-vehicle-car-yellow_cars-McLaren.jpg"],
    "remarks": "Some remark here",
    "devices": [
      {
        "$oid": "a1a2f8e1276c80923451a005"
      }
    ],
    "address": "80 Boon Keng Rd, Singapore 339780"
  },
  {
    "_id": {
      "$oid": "90a1e8d1266c80823450f007"
    },
    "jobNo": "000007",
    "date": {
      "$date": "2023-06-01T00:00:00.000Z"
    },
    "type": "Uninstallation",
    "location": "Offsite",
    "technician": "John",
    "evidence": [],
    "remarks": "Some remark here",
    "devices": [
      {
        "$oid": "a1a2f8e1276c80923451a006"
      }
    ],
    "address": "80 Boon Keng Rd, Singapore 339780"
  },
  {
    "_id": {
      "$oid": "90a1e8d1266c80823450f008"
    },
    "jobNo": "000008",
    "date": {
      "$date": "2023-06-01T00:00:00.000Z"
    },
    "type": "Installation",
    "location": "Offsite",
    "technician": "John",
    "evidence": [],
    "remarks": "Some remark here",
    "devices": [
      {
        "$oid": "a1a2f8e1276c80923451a007"
      }
    ],
    "address": "80 Boon Keng Rd, Singapore 339780"
  }
]